구분,화면명,URL,설명
로그인,운영자 로그인,https://genixx-theta.vercel.app/admin2,"콘솔의 어느 주소로 들어와도 로그인 전이면 이 화면이 먼저 섬. 슈퍼 관리자가 발급한 아이디로 들어오며 가입 절차는 없음. 슈퍼 관리자가 아닌 계정은 화면 권한을 받은 화면만 열림. 시연: 아이디 admin.park, 비밀번호는 8자 이상 아무 값."
운영,대시보드,https://genixx-theta.vercel.app/admin2,"로그인 후 첫 화면. 회차 진행(정원·제출·판정·발행), 처리 대기, 판정 큐, 최근 활동을 한 장에 모음. 왼쪽 메뉴의 대기 건수와 같은 숫자를 씀. (ADM-01)"
운영,판정 큐,https://genixx-theta.vercel.app/admin2/queue,"AI가 1차로 낸 재능 판정 제안을 사람이 확정하는 자리. 케이스마다 제안 축·신뢰도·설문(학부모·교사)·검토자가 서고, 상태(AI 분석 완료 · 전문가 검토중 · 케이스 회의 · 판정 확정 · 발행 완료)로 거름. (EXP-07)"
회원,회원,https://genixx-theta.vercel.app/admin2/members,"학부모·교사 회원 명부. 메일·전화는 가린 채로 보이고, 검색과 CSV 다운로드. (ADM-02)"
회원,회원 상세,https://genixx-theta.vercel.app/admin2/members/M-100100,회원 한 사람의 기본정보·등록된 학생·기록. 운영 메모를 남기고 비활성·삭제를 여기서 함.
회원,학생·접속코드,https://genixx-theta.vercel.app/admin2/students,학생 명부와 접속코드. 응시 상태(미응시 · 응시 중 · 제출 완료 · 리포트 발행) 탭의 숫자가 곧 거르개. 생년월일 칸은 두지 않음. 검색과 CSV 다운로드. (ADM-02-1)
회원,학생 상세,https://genixx-theta.vercel.app/admin2/students/S-200400,"학생 한 명의 기본정보(학교·학년·보호자·응시 상태)와 접속코드, 기록. 접속코드 재발급·비활성·삭제를 여기서 함."
회원,기관,https://genixx-theta.vercel.app/admin2/orgs,기관 명부 — 종류·지역·담당자·학생 수·계약 상태(계약중 · 시범 운영 · 만료)·만료일. (ORG-02)
회원,기관 상세,https://genixx-theta.vercel.app/admin2/orgs/O-2041,"기관 하나의 기본정보·계약과, 쓴 응시권·배정 응시권, 기록."
회원,가입 승인,https://genixx-theta.vercel.app/admin2/approvals,교사·기관담당자 가입 신청을 받는 자리. 자동 점검 결과와 처리 상태(대기 · 승인됨 · 반려됨)로 거름. (ADM-02-2)
회원,가입 신청 상세,https://genixx-theta.vercel.app/admin2/approvals/AP-2608-031,신청 한 건의 자동 점검·신청 내용·제출 증빙을 보고 승인하거나 반려함.
회원,개인정보 관리,https://genixx-theta.vercel.app/admin2/privacy,회원마다 무엇에 동의했는지와 보관 만료·파기 예정을 보는 자리. 동의 철회 · 법정대리인 없음으로 거름. (ADM-10)
회원,개인정보 상세,https://genixx-theta.vercel.app/admin2/privacy/M-100100,"한 사람의 동의 상태, 동의·파기 이력, 보관·파기 일정."
회원,파기 스케줄러,https://genixx-theta.vercel.app/admin2/privacy/purge,파기 대상(동의 철회 · 보관 기간 도래)과 예정·실행 기록. 즉시 파기·도래 건 파기는 여기서만 누름 — 매일 여는 명부에서 떼어 둠. (ADM-10-1)
문항관리,문항 출제,https://genixx-theta.vercel.app/admin2/authoring,"작성 중 · 반려됨 문항 목록. 「새 문항」 · 「AI 문항 출제」로 시작하고, 채우는 일은 문항 상세에서 함. (EXP-02)"
문항관리,문항 검수,https://genixx-theta.vercel.app/admin2/review,검수할 문항 목록(AI 검수 대기 · 검수자 대기 · 반려 작성 중 · 승인됨 · 반려됨). 「AI 문항 검수」로 AI가 먼저 짚게 함. (EXP-03)
문항관리,문항 은행,https://genixx-theta.vercel.app/admin2/items,모든 문항을 상태·과목·학년·단계로 거르고 사용 횟수·앵커·정답률을 봄. CSV 다운로드. (ADM-04)
문항관리,문항 상세,https://genixx-theta.vercel.app/admin2/items/IT-2601,"문항 한 개를 쓰고 고치는 유일한 자리 — 분류 · 문항 · 검수. 미리보기, AI 검수 돌리기, 승인·반려를 여기서 함."
진단 관리,진단 회차,https://genixx-theta.vercel.app/admin2/rounds,회차 목록 — 상태·응시 기간·편성·정원·응시료·제출·판정·발행. (ADM-05)
진단 관리,회차 생성,https://genixx-theta.vercel.app/admin2/rounds/new,새 회차를 여는 폼. 진단 과목과 차례를 고르고 안내 글·그림을 넣어 미리 본 뒤 등록.
진단 관리,회차 편성,https://genixx-theta.vercel.app/admin2/rounds/2026-3,"회차 하나의 편성판 — 진단 과목 편성, 응시 기간, 응시료, 회차 공지, 여는 관문, 기록. 회차를 열고 응시를 마감하는 자리. (ADM-05-4)"
진단 관리,진단별 문항관리,https://genixx-theta.vercel.app/admin2/forms,회차 × 학년 × 과목마다 검사지가 얼마나 짜였는지(문항 수 · 앵커 · 배점). (ADM-04-3)
진단 관리,회차 문항 편성,https://genixx-theta.vercel.app/admin2/forms/2026-4,그 회차의 과목별 검사지에 문항 은행의 문항을 담는 자리. 담은 문항과 은행이 나란히 서고 「AI 문항 추천」 · 진단 미리보기. 확정하면 잠금.
채점 관리,진단 채점,https://genixx-theta.vercel.app/admin2/grading,서술형 응답 하나하나를 채점하는 목록 — AI 1차 채점을 사람이 확정. 검토 대기 · 저신뢰 · 이중 채점 · 확정으로 거르고 「나에게 배정」. (EXP-04)
채점 관리,채점대,https://genixx-theta.vercel.app/admin2/grading/SC-0412-K1,응답 하나의 문항·학생 답·AI 1차 채점을 보고 점수를 확정. 「다음 대기 건」으로 이어 감.
채점 관리,회원 채점,https://genixx-theta.vercel.app/admin2/grading/members,학생(응시번호) 단위 목록 — 진단명·채점 진행·점수·해설. (EXP-04-1)
채점 관리,답안지,https://genixx-theta.vercel.app/admin2/grading/members/2026-3-0412,학생 한 명의 답안지 전체(틀림 · 못 냄 · 서술형으로 거름). 배점을 손보고 해설을 붙임 — 고친 배점은 진단 채점 목록에도 그대로 섬.
면담 관리,면담 신청,https://genixx-theta.vercel.app/admin2/interviews,면담 케이스 목록 — 사유·상태(신청 접수 · 선발됨 · 일정 잡힘 · 지난 일정 · 마친 것)·일정·면담원·방식·대기 일수. (EXP-06)
면담 관리,면담 상세,https://genixx-theta.vercel.app/admin2/interviews/IV-2603-0426,"면담 한 건의 신청 내용과 일정 잡기·지우기, 기록."
면담 관리,면담 일정,https://genixx-theta.vercel.app/admin2/interviews/calendar,달력(월 · 주)으로 날마다 잡힌 면담과 면담원별 일정을 봄. (EXP-06-1)
면담 관리,상담사 관리,https://genixx-theta.vercel.app/admin2/counselors,면담을 맡는 상담사 목록 — 직함·맡는 물음·길이별 값·방식·근무·노출. (EXP-06-2)
면담 관리,상담사 등록,https://genixx-theta.vercel.app/admin2/counselors/new,새 상담사를 등록하는 폼 — 사람 · 면담 · 근무. 저장하지 않고 나가려 하면 한 번 붙잡아 물음.
면담 관리,상담사 상세,https://genixx-theta.vercel.app/admin2/counselors/kim-jiwon,상담사 한 사람의 소개·면담(길이 · 값 · 방식)·근무를 고치거나 지움.
리포트 관리,리포트 승인,https://genixx-theta.vercel.app/admin2/reports/approval,조립된 리포트를 확인해 보내는 자리 — 재능 유형·조립·검토·발송(보낼 차례 · 기다리는 중 · 보냄). 리포트 스케줄러(조립 +7일)로 보낼 때를 정함. (EXP-08)
리포트 관리,리포트 상세,https://genixx-theta.vercel.app/admin2/reports/approval/RP-2026-0311,리포트 한 장의 진단 정보·발송·리포트 문구·기록. 리포트를 보고 「지금 보내기」.
리포트 관리,해석 템플릿,https://genixx-theta.vercel.app/admin2/reports/templates,리포트에 들어가는 문장 목록 — 학년·자리·재능 축·발현 밴드마다 씀. 「템플릿 추가」. (ADM-08-1)
리포트 관리,해석 템플릿 상세,https://genixx-theta.vercel.app/admin2/reports/templates/type-e3-language-all,템플릿 한 칸(이 칸이 쓰이는 자리)과 그 문구를 고침.
리포트 관리,조립 규칙,https://genixx-theta.vercel.app/admin2/reports/rules,"어떤 조건에서 어떤 문장을 부를지 정하는 자리 — 발현 밴드 컷, 교차 셀(학력 × 재능), 규칙 켜고 끄기, 표본으로 본 조립 결과. (ADM-08-4)"
콘텐츠,공지,https://genixx-theta.vercel.app/admin2/notices,사이트 공지 목록 — 게시일·노출·팝업·고정. 회차마다 붙는 공지는 회차 편성에서 씀. (ADM-15)
콘텐츠,공지 등록,https://genixx-theta.vercel.app/admin2/notices/new,새 공지를 쓰는 폼. 그림 넣기와 미리보기.
콘텐츠,공지 상세,https://genixx-theta.vercel.app/admin2/notices/NT-001,공지 한 건을 고치거나 지움.
콘텐츠,자주 묻는 질문,https://genixx-theta.vercel.app/admin2/faq,고객지원(/support/faq)과 홈에 뜨는 문답 목록 — 분류·노출·홈 노출. (ADM-15-1)
콘텐츠,자주 묻는 질문 등록,https://genixx-theta.vercel.app/admin2/faq/new,새 문답을 쓰는 폼. 그림 넣기와 미리보기.
콘텐츠,자주 묻는 질문 상세,https://genixx-theta.vercel.app/admin2/faq/FQ-001,문답 한 건을 고치거나 지움.
콘텐츠,홍보 영상,https://genixx-theta.vercel.app/admin2/clips,첫 화면에 걸리는 영상 목록 — 차례·갈래·제목·길이·유튜브 주소·노출. 차례는 ↑ ↓로 바꿈. (ADM-15-2)
콘텐츠,홍보 영상 등록,https://genixx-theta.vercel.app/admin2/clips/new,새 영상을 등록하는 폼.
콘텐츠,홍보 영상 상세,https://genixx-theta.vercel.app/admin2/clips/intro,영상 한 건의 주소와 문구를 고치거나 지움.
콘텐츠,문의,https://genixx-theta.vercel.app/admin2/inquiries,1:1 문의와 기관 도입 문의 — 채널·분류·작성자·대기 시간·상태(대기 · 처리중 · 답변 완료 · 목표 초과). (ADM-10)
콘텐츠,문의 상세,https://genixx-theta.vercel.app/admin2/inquiries/IQ-26080902,문의 한 건을 읽고 답변을 씀(그림 넣기 · 미리보기).
결제 관리,상품 관리,https://genixx-theta.vercel.app/admin2/products,판매 상품 목록 — 이미지·종류·정가·판매가·상태(작성 중 · 판매중 · 숨김 · 판매 종료). 여기서 정한 값을 접수·결제 화면이 그대로 읽음. (PAY-01)
결제 관리,상품 등록,https://genixx-theta.vercel.app/admin2/products/new,새 상품을 등록하는 폼 — 이미지·이름·종류·값·상세 내용.
결제 관리,상품 수정,https://genixx-theta.vercel.app/admin2/products/PRD-0001,상품 하나의 값과 내용을 고치고 미리 봄. 상품 지우기.
결제 관리,결제 내역,https://genixx-theta.vercel.app/admin2/payments,"들어온 돈을 읽는 자리 — 달별·상품별 순매출, 결제 수단, 결제마다 승인 금액·환불·관련 문의. 승인·취소·환불은 결제대행사에서 일어나고 결과만 넘어옴. (PAY-02)"
시스템,운영자·권한,https://genixx-theta.vercel.app/admin2/staff,운영자 계정 목록 — 역할·팀·2단계 인증·상태·최근 접속. (ADM-03)
시스템,운영자 상세,https://genixx-theta.vercel.app/admin2/staff/U-01,운영자 한 사람의 계정·역할·권한과 콘솔 화면 권한.
시스템,화면 권한,https://genixx-theta.vercel.app/admin2/staff/roles,콘솔 화면을 묶은 권한을 만들고 고치는 자리. 슈퍼 관리자가 아닌 운영자에게 필요한 화면만 열어 줌. (ADM-03-2)
시스템,감사 로그,https://genixx-theta.vercel.app/admin2/audit,개인정보 열람과 주요 동작 기록 — 시각·행위자·역할·동작·대상·사유·IP. 가림을 연 건은 모두 여기 쌓임. (ADM-11)
시스템,시스템 설정,https://genixx-theta.vercel.app/admin2/settings,지금 걸린 설정 값을 읽는 자리 — 진단 설정 · 판정·품질 기준 · 권한·개인정보 · 기관 정보. (ADM-13)
시스템,AI 프롬프트,https://genixx-theta.vercel.app/admin2/ai,AI가 도는 업무마다 하는 일·도는 화면·모델·과목 요구사항을 봄. (ADM-13-1)
시스템,AI 프롬프트 상세,https://genixx-theta.vercel.app/admin2/ai/authoring,"업무 하나(예: AI 문항 생성)의 단계별 AI 프롬프트와 붙인 파일을 고치고, 과목별로 나누거나 예시로 돌려 봄."
